{"cameraMode":{"drawMode":0,"name":"Shaded","section":"Shading Mode"},"sceneLighting":false,"audioPlay":false,"sceneViewState":{"m_AlwaysRefresh":false,"showFog":false,"showSkybox":false,"showFlares":false,"showImageEffects":false,"showParticleSystems":false,"showVisualEffectGraphs":true,"m_FxEnabled":true},"in2DMode":false,"pivot":{"x":0.26359522342681887,"y":1.1945159435272217,"z":-0.35361915826797488},"rotation":{"x":0.05545799806714058,"y":0.940097451210022,"z":-0.18598124384880067,"w":0.28033238649368288},"size":0.6177695989608765,"orthographic":false}